product_id,category,brand,season,size,color,original_price,markdown_percentage,current_price,purchase_date,stock_quantity,customer_rating,is_returned,return_reason
FASH-00001,Footwear,Nike,All-Season,7,Red,2115.3,5,2009.54,2025-11-23,189,3.2,No,
FASH-00002,Clothing,Zara,Summer,S,Pink,3247.88,40,1948.73,2024-07-22,183,4.1,No,
FASH-00003,Clothing,Nike,Winter,XS,Blue,3670.81,25,2753.11,2024-10-11,39,4.5,No,
FASH-00004,Clothing,Levi's,Summer,M,Navy,1762.89,0,1762.89,2026-01-17,117,4.9,No,
FASH-00005,Clothing,Nike,Winter,XXL,Navy,4494.99,25,3371.24,2025-08-14,49,3.1,No,
FASH-00006,Clothing,Uniqlo,Autumn,S,White,2271.56,35,1476.51,2025-10-12,213,3.7,No,
FASH-00007,Clothing,Uniqlo,All-Season,XXL,White,3279.18,10,2951.26,2025-06-30,186,3.9,No,
FASH-00008,Clothing,Adidas,All-Season,S,Beige,4307.55,0,4307.55,2024-08-22,210,1.8,Yes,Color mismatch
FASH-00009,Clothing,Nike,Spring,M,Red,3482.93,30,2438.05,2026-06-24,234,3.3,No,
FASH-00010,Clothing,Adidas,All-Season,M,Navy,2484.11,45,1366.26,2025-02-12,92,5,No,
FASH-00011,Clothing,Zara,All-Season,XS,Blue,3359.76,50,1679.88,2025-03-08,152,2,Yes,Late delivery
FASH-00012,Clothing,Nike,Spring,XS,White,3598.53,40,2159.12,2026-02-07,68,3.7,No,
FASH-00013,Clothing,H&M,Winter,XXL,Green,4875.31,10,4387.78,2025-06-03,233,4.3,No,
FASH-00014,Accessories,Ray-Ban,All-Season,S,Beige,5407.82,40,3244.69,2026-03-08,236,3,No,
FASH-00015,Clothing,Zara,Summer,M,Green,1652.59,15,1404.7,2026-06-18,145,3.2,No,
FASH-00016,Clothing,Zara,Autumn,XL,Blue,1163.92,35,756.55,2025-07-16,42,4.7,No,
FASH-00017,Clothing,H&M,Autumn,XXL,Red,3735.98,30,2615.19,2025-11-18,166,4.8,No,
FASH-00018,Clothing,H&M,Summer,M,Black,3187.56,15,2709.43,2025-08-25,56,2.8,Yes,Size issue
FASH-00019,Clothing,Zara,Spring,XS,Pink,1646.22,50,823.11,2025-05-12,54,4.4,No,
FASH-00020,Accessories,Ray-Ban,All-Season,L,Brown,1574.75,5,1496.01,2025-11-05,110,3.8,No,
FASH-00021,Accessories,Fossil,All-Season,One Size,Black,2996.56,25,2247.42,2026-03-30,220,3.4,No,
FASH-00022,Clothing,H&M,Winter,M,Grey,1698.15,5,1613.24,2025-03-29,206,4.1,No,
FASH-00023,Clothing,Nike,Spring,XS,Red,1330.77,35,865,2025-05-07,54,4.8,No,
FASH-00024,Clothing,Zara,Autumn,M,Grey,1854.1,60,741.64,2026-01-18,200,4.4,No,
FASH-00025,Clothing,Uniqlo,Summer,XS,Navy,3836.24,0,3836.24,2026-02-04,80,2.5,Yes,Changed mind
FASH-00026,Accessories,Ray-Ban,Summer,One Size,Blue,758.09,5,720.19,2025-11-22,220,3.2,No,
FASH-00027,Accessories,Titan,All-Season,One Size,Navy,848.29,50,424.15,2025-08-20,144,4.9,No,
FASH-00028,Clothing,Adidas,Winter,M,Brown,1174.86,50,587.43,2024-11-03,117,4.5,No,
FASH-00029,Clothing,Levi's,All-Season,XL,White,921.35,15,783.15,2025-06-02,67,3.7,No,
FASH-00030,Clothing,H&M,Winter,S,Grey,4267.48,60,1706.99,2024-11-05,156,4.6,No,
FASH-00031,Clothing,Adidas,Spring,M,White,4730.29,10,4257.26,2024-09-27,29,4.5,No,
FASH-00032,Clothing,Uniqlo,All-Season,XXL,Beige,1494.83,50,747.42,2026-05-23,67,3.5,No,
FASH-00033,Accessories,Fossil,Summer,L,Green,594.38,25,445.79,2026-02-28,33,3.5,No,
FASH-00034,Footwear,Bata,All-Season,10,Black,1893.99,60,757.6,2024-06-01,139,1.9,Yes,Changed mind
FASH-00035,Clothing,H&M,Summer,M,Black,4554.27,15,3871.13,2025-11-29,63,3.7,No,
FASH-00036,Footwear,Reebok,Autumn,11,Blue,8405.11,15,7144.34,2026-06-04,41,4.6,No,
FASH-00037,Accessories,Fossil,Summer,M,Brown,5673.98,60,2269.59,2026-04-10,63,4.6,No,
FASH-00038,Clothing,Puma,Summer,L,Red,1477.12,35,960.13,2024-12-24,78,4.7,No,
FASH-00039,Clothing,Adidas,Summer,M,Green,4402.15,20,3521.72,2024-12-25,164,4.4,No,
FASH-00040,Accessories,H&M,Autumn,One Size,Green,1495.4,20,1196.32,2024-02-09,27,3.7,No,
FASH-00041,Footwear,Reebok,All-Season,10,White,4080.56,45,2244.31,2024-07-13,65,2.1,Yes,Changed mind
FASH-00042,Accessories,Ray-Ban,All-Season,S,Beige,3188.69,50,1594.35,2024-12-04,159,4.7,No,
FASH-00043,Footwear,Puma,All-Season,11,Brown,3608.46,60,1443.38,2024-10-29,141,2.1,Yes,Late delivery
FASH-00044,Footwear,Adidas,All-Season,8,Brown,5382.5,0,5382.5,2024-11-07,73,4.6,No,
FASH-00045,Footwear,Puma,Winter,9,Red,5088.39,60,2035.36,2024-06-22,168,2.3,Yes,Quality issue
FASH-00046,Footwear,Nike,Spring,7,Green,2796.13,15,2376.71,2024-05-30,6,3.5,Yes,Changed mind
FASH-00047,Accessories,Fossil,Winter,S,Brown,3611.33,15,3069.63,2024-05-31,167,4.8,No,
FASH-00048,Accessories,Fossil,Spring,S,Blue,5686.54,60,2274.62,2025-06-14,118,1.6,Yes,Wrong item delivered
FASH-00049,Clothing,H&M,Spring,XXL,Pink,4945.73,45,2720.15,2024-11-20,243,3.9,No,
FASH-00050,Accessories,Ray-Ban,Winter,L,Blue,5281.49,35,3432.97,2025-04-05,66,4.7,No,
FASH-00051,Clothing,Puma,All-Season,XXL,Red,1807.23,5,1716.87,2025-12-31,73,3.7,No,
FASH-00052,Accessories,Fossil,Summer,S,Brown,4948.46,60,1979.38,2024-08-07,16,3.7,No,
FASH-00053,Clothing,Zara,Summer,L,Brown,4580.29,45,2519.16,2025-12-13,5,4.5,No,
FASH-00054,Clothing,Zara,Autumn,M,Brown,4354.17,30,3047.92,2025-07-05,191,4.6,No,
FASH-00055,Accessories,Zara,Summer,L,Grey,493.47,25,370.1,2025-11-15,173,4.4,No,
FASH-00056,Accessories,Titan,Autumn,One Size,Brown,4264.68,50,2132.34,2024-01-28,21,3.3,No,
FASH-00057,Clothing,Zara,Winter,M,Red,2599.68,25,1949.76,2026-02-18,225,4.5,No,
FASH-00058,Accessories,H&M,Spring,L,Black,5317.46,0,5317.46,2024-12-24,57,4.6,No,
FASH-00059,Footwear,Nike,Autumn,7,Black,5969.69,15,5074.24,2024-05-09,121,4.1,No,
FASH-00060,Clothing,Adidas,Winter,M,Blue,3264.93,60,1305.97,2026-01-05,29,3.3,No,
FASH-00061,Clothing,Nike,Summer,M,Navy,3579.33,30,2505.53,2025-02-10,241,3.2,No,
FASH-00062,Footwear,Skechers,Summer,11,Green,7801.35,45,4290.74,2026-04-04,30,4.1,No,
FASH-00063,Clothing,Nike,Winter,M,White,2825.23,25,2118.92,2024-01-13,217,4,No,
FASH-00064,Clothing,Uniqlo,All-Season,L,Blue,2515.14,60,1006.06,2025-06-18,247,4.2,No,
FASH-00065,Accessories,Zara,Winter,M,Beige,6005.48,5,5705.21,2024-10-12,225,4.5,No,
FASH-00066,Footwear,Skechers,Winter,6,Grey,7806.62,10,7025.96,2025-05-14,54,3.5,No,
FASH-00067,Clothing,Nike,All-Season,M,Pink,643.66,15,547.11,2024-03-28,61,4,No,
FASH-00068,Footwear,Skechers,All-Season,11,Grey,4584.4,0,4584.4,2024-04-05,75,4.4,No,
FASH-00069,Clothing,Nike,Winter,XL,Pink,2111.53,60,844.61,2025-07-17,84,3.9,No,
FASH-00070,Clothing,H&M,Summer,S,Beige,1125.04,40,675.02,2026-02-19,176,3.4,No,
FASH-00071,Clothing,Adidas,All-Season,XL,Navy,1844.19,5,1751.98,2026-05-02,49,3.7,No,
FASH-00072,Clothing,Adidas,All-Season,M,Black,4885.9,40,2931.54,2024-10-26,178,4.3,No,
FASH-00073,Footwear,Nike,Spring,10,Green,4754.18,35,3090.22,2024-12-14,47,3.5,No,
FASH-00074,Accessories,Fossil,Spring,L,Grey,795.35,50,397.68,2025-12-03,13,4.6,No,
FASH-00075,Accessories,Fossil,Autumn,One Size,Pink,5420.77,45,2981.42,2025-09-02,202,4.6,No,
FASH-00076,Clothing,Levi's,Winter,XL,Brown,1942.67,45,1068.47,2024-03-02,156,3.2,No,
FASH-00077,Footwear,Skechers,Summer,11,White,2255.46,10,2029.91,2025-07-19,19,3.8,No,
FASH-00078,Footwear,Reebok,Winter,7,Green,6654.65,60,2661.86,2026-05-30,116,1.6,Yes,Color mismatch
FASH-00079,Footwear,Skechers,All-Season,7,Brown,1917.21,15,1629.63,2025-10-25,38,4.7,No,
FASH-00080,Clothing,H&M,Spring,XL,Navy,4652.25,35,3023.96,2024-05-07,119,4.4,No,
FASH-00081,Accessories,Ray-Ban,All-Season,L,White,4305.85,30,3014.1,2026-01-22,82,3.1,No,
FASH-00082,Clothing,Adidas,Spring,XL,Navy,4782.46,50,2391.23,2026-04-21,68,4.5,No,
FASH-00083,Clothing,Nike,All-Season,M,Blue,4985.56,30,3489.89,2025-10-12,208,3.2,No,
FASH-00084,Clothing,Uniqlo,Winter,XS,Blue,2050.14,60,820.06,2025-05-22,73,3.8,No,
FASH-00085,Footwear,Nike,Winter,8,Green,3585.19,30,2509.63,2026-06-04,131,3,No,
FASH-00086,Accessories,Zara,Winter,S,Pink,2722.92,35,1769.9,2025-10-02,113,3.4,No,
FASH-00087,Clothing,Uniqlo,Winter,XXL,Grey,1133.27,50,566.64,2025-09-15,204,3.3,No,
FASH-00088,Footwear,Bata,Winter,7,White,4690.58,5,4456.05,2025-10-25,213,4.9,No,
FASH-00089,Clothing,Adidas,Winter,L,Grey,1671.42,40,1002.85,2024-05-28,98,4.2,No,
FASH-00090,Footwear,Adidas,Spring,8,Brown,3718,40,2230.8,2024-09-30,210,2.8,Yes,Wrong item delivered
FASH-00091,Footwear,Skechers,All-Season,7,Grey,5307.64,25,3980.73,2024-12-06,141,3.8,No,
FASH-00092,Accessories,Titan,Autumn,S,Navy,2864.9,30,2005.43,2024-02-14,81,4.4,No,
FASH-00093,Accessories,Zara,Autumn,S,Grey,6763.32,10,6086.99,2025-05-29,247,4.7,No,
FASH-00094,Accessories,Zara,Summer,L,Black,5139.37,30,3597.56,2026-06-10,167,3.1,No,
FASH-00095,Footwear,Puma,Winter,11,Brown,6197.69,25,4648.27,2026-05-22,172,3.8,No,
FASH-00096,Clothing,Adidas,Spring,L,Pink,756.96,5,719.11,2024-08-28,161,3.6,No,
FASH-00097,Clothing,Zara,Winter,XS,White,2551.19,60,1020.48,2024-11-02,231,1.8,Yes,Size issue
FASH-00098,Clothing,Uniqlo,Winter,S,Pink,2412.03,50,1206.02,2026-03-22,46,3.2,No,
FASH-00099,Accessories,Ray-Ban,All-Season,L,Navy,1257.89,35,817.63,2025-10-15,65,4.3,No,
FASH-00100,Accessories,Zara,Autumn,S,White,3258.59,25,2443.94,2025-08-24,76,3.8,No,
FASH-00101,Clothing,Puma,Winter,L,Grey,1068.27,30,747.79,2025-08-08,91,5,No,
FASH-00102,Clothing,Puma,All-Season,M,Black,3089.09,50,1544.55,2026-03-07,190,4.8,No,
FASH-00103,Footwear,Puma,Spring,7,Navy,7414.46,15,6302.29,2025-10-13,48,4.4,No,
FASH-00104,Footwear,Skechers,All-Season,7,White,8226.23,50,4113.12,2024-02-10,79,3.1,No,
FASH-00105,Clothing,H&M,Summer,M,Beige,3887.92,10,3499.13,2024-07-24,33,4.8,No,
FASH-00106,Clothing,Nike,Autumn,S,Green,4620.82,35,3003.53,2026-04-05,75,3.7,No,
FASH-00107,Clothing,Zara,Summer,S,Brown,4854.99,40,2912.99,2025-01-09,23,3,No,
FASH-00108,Clothing,Levi's,Winter,XXL,Green,3171.06,50,1585.53,2025-01-15,27,3.9,No,
FASH-00109,Footwear,Bata,Winter,10,Red,6180.22,50,3090.11,2026-04-23,118,3.6,No,
FASH-00110,Clothing,H&M,Summer,XS,Green,4981.08,5,4732.03,2024-04-09,60,3.3,No,
FASH-00111,Clothing,Adidas,Autumn,XXL,Pink,2443.16,60,977.26,2026-01-14,39,4.3,No,
FASH-00112,Accessories,Ray-Ban,Winter,M,Black,4923.88,15,4185.3,2025-03-30,113,4.7,No,
FASH-00113,Clothing,Adidas,Winter,XXL,Beige,865.42,20,692.34,2024-07-13,247,4.7,No,
FASH-00114,Clothing,Adidas,Summer,XXL,Navy,4871.81,0,4871.81,2026-03-16,85,3.3,No,
FASH-00115,Footwear,Nike,Spring,10,Red,5690.06,15,4836.55,2024-12-02,198,4.8,No,
FASH-00116,Clothing,Puma,Autumn,S,Pink,1701.88,10,1531.69,2024-04-22,169,3.3,No,
FASH-00117,Clothing,Puma,Summer,M,Black,1365.68,0,1365.68,2024-05-09,189,3.2,No,
FASH-00118,Clothing,Levi's,Spring,XL,Navy,1078.84,40,647.3,2024-08-14,242,4.5,No,
FASH-00119,Accessories,Casio,All-Season,L,Black,706.53,35,459.24,2026-05-17,102,3.2,No,
FASH-00120,Footwear,Reebok,Summer,6,Beige,5865.38,5,5572.11,2024-05-09,70,4.2,No,
FASH-00121,Footwear,Reebok,Autumn,10,Green,4628.72,45,2545.8,2025-03-16,25,3.2,No,
FASH-00122,Footwear,Bata,All-Season,7,Brown,4611.44,15,3919.72,2025-02-27,86,3.8,No,
FASH-00123,Footwear,Puma,Winter,11,Green,3993.41,10,3594.07,2025-12-04,236,3.2,No,
FASH-00124,Clothing,Levi's,Summer,XXL,Beige,4170.78,40,2502.47,2024-03-02,150,4.1,No,
FASH-00125,Footwear,Reebok,Winter,11,Brown,7943.74,60,3177.5,2024-02-22,247,3.6,No,
FASH-00126,Clothing,Nike,Summer,XXL,Grey,1585.68,5,1506.4,2024-12-24,216,3.2,No,
FASH-00127,Clothing,H&M,Spring,XL,Navy,3298.72,50,1649.36,2025-07-24,6,4.3,No,
FASH-00128,Footwear,Nike,Summer,11,Green,8371.3,25,6278.48,2024-01-07,46,4.1,No,
FASH-00129,Clothing,H&M,All-Season,XS,White,3881.89,15,3299.61,2025-01-20,107,3.3,No,
FASH-00130,Clothing,Uniqlo,Spring,XL,Navy,972.81,0,972.81,2024-06-08,40,3.1,No,
FASH-00131,Clothing,Levi's,All-Season,L,Navy,2543.99,20,2035.19,2024-08-08,193,3.7,No,
FASH-00132,Clothing,Adidas,All-Season,L,Pink,3534.38,0,3534.38,2024-08-13,101,3.1,No,
FASH-00133,Clothing,H&M,All-Season,M,Green,2042.74,0,2042.74,2025-05-24,191,3.3,No,
FASH-00134,Clothing,H&M,All-Season,XXL,Beige,916.13,60,366.45,2024-02-13,111,3.3,Yes,Wrong item delivered
FASH-00135,Clothing,Levi's,All-Season,XXL,Brown,1872.87,30,1311.01,2024-01-22,247,4.6,No,
FASH-00136,Footwear,Skechers,Autumn,6,Brown,7754.87,15,6591.64,2025-03-22,150,3.2,No,
FASH-00137,Accessories,Casio,Winter,M,Blue,810.74,50,405.37,2024-04-26,135,4.8,No,
FASH-00138,Clothing,Adidas,Autumn,XXL,Blue,1638.58,10,1474.72,2024-09-19,50,3.3,No,
FASH-00139,Footwear,Nike,Summer,11,Grey,4710.62,45,2590.84,2026-02-17,148,4.8,No,
FASH-00140,Footwear,Skechers,Autumn,8,Beige,2206.66,5,2096.33,2025-04-25,113,4.6,No,
FASH-00141,Footwear,Puma,All-Season,8,Grey,4614.31,0,4614.31,2025-01-12,212,4.3,No,
FASH-00142,Accessories,Fossil,All-Season,L,Grey,4187.21,60,1674.88,2024-02-12,115,4.1,No,
FASH-00143,Clothing,Nike,All-Season,S,Black,2581.3,25,1935.98,2026-01-01,21,3.3,No,
FASH-00144,Clothing,Levi's,Autumn,XL,Pink,3282.14,25,2461.61,2025-01-16,234,3.8,No,
FASH-00145,Clothing,Nike,Summer,XXL,Beige,889.01,5,844.56,2025-07-25,173,3.5,No,
FASH-00146,Accessories,Ray-Ban,Spring,M,White,4203.35,10,3783.02,2024-12-24,79,4.4,No,
FASH-00147,Clothing,Nike,All-Season,XS,Green,3058.26,50,1529.13,2026-03-21,84,4.3,No,
FASH-00148,Accessories,Casio,Autumn,One Size,Brown,3705.87,0,3705.87,2025-01-06,79,3.4,No,
FASH-00149,Accessories,Zara,Summer,S,Blue,816.01,5,775.21,2025-06-03,197,4.5,No,
FASH-00150,Clothing,Adidas,Winter,XL,Blue,3226.88,10,2904.19,2024-06-15,46,4.5,No,
FASH-00151,Accessories,Titan,All-Season,One Size,Brown,2739.81,60,1095.92,2024-08-31,248,3.6,No,
FASH-00152,Footwear,Reebok,Summer,7,Green,8723.77,35,5670.45,2026-05-05,49,4.9,No,
FASH-00153,Accessories,Zara,All-Season,L,Pink,3832.98,10,3449.68,2026-04-16,51,3.3,No,
FASH-00154,Clothing,Adidas,All-Season,M,Pink,4709.89,60,1883.96,2026-05-16,132,3.6,No,
FASH-00155,Footwear,Puma,Winter,10,Blue,7647.37,5,7265,2024-08-15,209,3.7,No,
FASH-00156,Clothing,Zara,Winter,M,Red,2298.13,5,2183.22,2025-01-18,57,3.3,Yes,Wrong item delivered
FASH-00157,Footwear,Puma,Spring,7,Black,3294.04,35,2141.13,2025-12-13,212,4.4,No,
FASH-00158,Clothing,Zara,Autumn,XS,Green,1547.88,10,1393.09,2025-07-15,240,4.1,No,
FASH-00159,Clothing,Uniqlo,Summer,XS,Black,1648.13,50,824.07,2026-03-23,159,3.2,No,
FASH-00160,Accessories,Ray-Ban,All-Season,S,Blue,2250.52,0,2250.52,2025-09-21,90,3.8,No,
FASH-00161,Footwear,Nike,All-Season,8,White,8626.23,40,5175.74,2025-06-03,201,4.1,No,
FASH-00162,Clothing,Levi's,Summer,L,Beige,1715.06,0,1715.06,2024-12-31,201,1.6,Yes,Quality issue
FASH-00163,Footwear,Bata,All-Season,8,Blue,1353.69,40,812.21,2024-12-12,208,4.7,No,
FASH-00164,Footwear,Skechers,All-Season,7,Blue,1503.8,35,977.47,2024-02-07,75,4.6,No,
FASH-00165,Accessories,H&M,Autumn,L,Pink,3470.78,0,3470.78,2026-02-10,165,3.7,No,
FASH-00166,Footwear,Skechers,Winter,6,Beige,4494.61,30,3146.23,2026-01-31,112,3.8,No,
FASH-00167,Accessories,Zara,All-Season,M,Pink,2086.03,5,1981.73,2026-01-14,108,2.5,Yes,Wrong item delivered
FASH-00168,Clothing,Uniqlo,Winter,XS,Beige,3507.04,20,2805.63,2025-04-01,154,3.3,No,
FASH-00169,Clothing,Levi's,Summer,M,Navy,4990.86,20,3992.69,2025-10-16,250,3.1,No,
FASH-00170,Footwear,Reebok,Winter,11,Blue,8621.32,10,7759.19,2026-05-19,155,3.9,No,
FASH-00171,Clothing,H&M,Spring,M,Beige,2283.56,45,1255.96,2024-02-03,154,3.9,No,
FASH-00172,Clothing,Levi's,All-Season,XL,Blue,2928.62,30,2050.03,2024-11-17,166,4.9,No,
FASH-00173,Clothing,H&M,All-Season,L,Pink,1117.15,20,893.72,2025-12-21,114,4.2,No,
FASH-00174,Footwear,Reebok,Summer,7,White,4615.34,60,1846.14,2025-03-31,22,4.9,No,
FASH-00175,Accessories,Casio,Winter,One Size,Pink,3931.55,20,3145.24,2026-05-21,40,4.9,No,
FASH-00176,Footwear,Puma,All-Season,6,Red,7335.53,15,6235.2,2026-03-20,126,2.4,Yes,Color mismatch
FASH-00177,Clothing,Nike,Summer,XS,White,1959.88,60,783.95,2026-01-06,122,4.5,No,
FASH-00178,Accessories,Fossil,Summer,M,White,3313.83,50,1656.92,2025-06-13,88,3.1,Yes,Changed mind
FASH-00179,Footwear,Adidas,All-Season,7,Brown,5021.91,0,5021.91,2026-05-01,31,3.6,No,
FASH-00180,Clothing,Adidas,Summer,XL,Green,4321.11,20,3456.89,2024-07-20,162,3.5,No,
FASH-00181,Footwear,Bata,All-Season,10,Blue,5733.47,45,3153.41,2024-06-06,43,4.4,No,
FASH-00182,Footwear,Bata,Summer,6,White,1362.69,50,681.35,2026-02-28,147,3.4,No,
FASH-00183,Footwear,Bata,All-Season,9,Pink,3316.37,20,2653.1,2025-05-09,62,4.4,No,
FASH-00184,Clothing,Zara,All-Season,S,Grey,2427.74,35,1578.03,2024-07-27,87,3.6,No,
FASH-00185,Footwear,Skechers,Autumn,8,Brown,2045.13,25,1533.85,2025-06-11,143,1.6,Yes,Size issue
FASH-00186,Clothing,H&M,Summer,XS,Green,4758.69,45,2617.28,2025-03-04,63,4.8,No,
FASH-00187,Accessories,Ray-Ban,All-Season,S,Blue,3637.38,40,2182.43,2025-04-23,127,4,No,
FASH-00188,Clothing,Levi's,All-Season,S,Red,3165.71,0,3165.71,2024-02-21,72,4.8,No,
FASH-00189,Footwear,Reebok,Winter,6,White,4446.42,20,3557.14,2026-01-14,93,3.7,No,
FASH-00190,Clothing,Nike,All-Season,M,Pink,1868.85,30,1308.2,2025-05-31,115,3.6,No,
FASH-00191,Accessories,Casio,All-Season,S,White,2938.15,25,2203.61,2025-07-25,240,3.3,No,
FASH-00192,Footwear,Reebok,All-Season,6,Black,2095.29,25,1571.47,2026-04-03,121,3.3,No,
FASH-00193,Accessories,Titan,Winter,M,Blue,2931.8,45,1612.49,2026-01-27,215,3.7,No,
FASH-00194,Accessories,Ray-Ban,All-Season,M,Grey,5764.52,25,4323.39,2024-12-05,172,3.8,No,
FASH-00195,Clothing,Adidas,Spring,XXL,Black,3225.4,20,2580.32,2025-11-02,200,4.2,No,
FASH-00196,Clothing,Zara,All-Season,S,Pink,3366.71,45,1851.69,2026-03-04,215,4.6,No,
FASH-00197,Clothing,Nike,Autumn,XS,Red,682.32,25,511.74,2025-03-04,38,3.4,No,
FASH-00198,Clothing,Nike,Autumn,XXL,Black,3704.41,40,2222.65,2024-07-31,143,4.3,No,
FASH-00199,Clothing,Uniqlo,Autumn,L,Pink,2105.24,25,1578.93,2025-11-23,197,4.4,No,
FASH-00200,Accessories,H&M,All-Season,S,Red,2168.34,20,1734.67,2024-08-18,241,3.6,No,
FASH-00201,Clothing,H&M,All-Season,L,Beige,2710.14,40,1626.08,2026-03-25,184,3.2,No,
FASH-00202,Footwear,Reebok,Autumn,9,Beige,8635.87,10,7772.28,2024-10-24,10,4.4,No,
FASH-00203,Clothing,Levi's,All-Season,XXL,Grey,1540.54,40,924.32,2024-10-04,238,3.5,No,
FASH-00204,Clothing,Adidas,All-Season,S,Black,3546.27,40,2127.76,2024-08-19,163,3.2,No,
FASH-00205,Clothing,Levi's,Summer,S,Black,4842.88,10,4358.59,2025-02-20,167,4.8,No,
FASH-00206,Clothing,H&M,All-Season,M,Beige,1854.83,0,1854.83,2026-02-26,22,3.5,No,
FASH-00207,Footwear,Nike,Autumn,7,Brown,8056.96,10,7251.26,2024-02-07,214,4,No,
FASH-00208,Accessories,H&M,Spring,One Size,Green,4104.34,5,3899.12,2024-12-09,72,4.3,No,
FASH-00209,Clothing,H&M,Spring,L,Green,1447.37,5,1375,2024-12-04,41,4.3,No,
FASH-00210,Footwear,Nike,All-Season,8,Navy,6394.21,15,5435.08,2024-06-28,156,4.8,No,
FASH-00211,Accessories,Ray-Ban,Winter,L,White,1537.03,10,1383.33,2025-05-03,82,3,No,
FASH-00212,Clothing,Levi's,All-Season,M,Green,3161.83,45,1739.01,2024-01-12,66,4.4,No,
FASH-00213,Clothing,Zara,Winter,S,Brown,3617.72,60,1447.09,2026-02-27,79,4.3,No,
FASH-00214,Accessories,H&M,All-Season,S,Blue,3502.82,35,2276.83,2026-02-04,155,4.4,No,
FASH-00215,Accessories,Ray-Ban,Spring,S,Red,4857.29,45,2671.51,2026-06-13,201,2.1,Yes,Quality issue
FASH-00216,Clothing,Nike,Summer,XL,Pink,1488.49,40,893.09,2024-06-02,42,4,No,
FASH-00217,Clothing,H&M,All-Season,L,White,4554.11,35,2960.17,2026-04-08,14,4,No,
FASH-00218,Clothing,Zara,All-Season,XXL,Green,3781.43,30,2647,2024-09-17,209,1.5,Yes,Size issue
FASH-00219,Clothing,Uniqlo,All-Season,XL,Black,4711.16,5,4475.6,2025-04-28,8,3.4,No,
FASH-00220,Clothing,Adidas,Autumn,XXL,Brown,2246.63,30,1572.64,2025-04-04,222,3.8,No,
FASH-00221,Clothing,Adidas,Spring,S,Beige,1120.99,40,672.59,2025-02-06,135,3.4,Yes,Wrong item delivered
FASH-00222,Clothing,Zara,Autumn,L,Pink,2465.16,30,1725.61,2026-04-23,58,3.7,No,
FASH-00223,Clothing,Adidas,All-Season,XS,Brown,3304.66,0,3304.66,2024-09-03,52,2.5,Yes,Late delivery
FASH-00224,Footwear,Skechers,Spring,7,Black,4217.12,15,3584.55,2025-07-06,55,4.6,No,
FASH-00225,Clothing,Uniqlo,Summer,XXL,Navy,2002.18,45,1101.2,2026-03-02,172,3.5,No,
FASH-00226,Accessories,Casio,All-Season,L,Green,2142.53,40,1285.52,2025-08-28,225,3.4,No,
FASH-00227,Footwear,Bata,All-Season,8,Brown,7285.44,25,5464.08,2025-12-14,106,3.6,No,
FASH-00228,Clothing,Nike,All-Season,S,Green,4372.18,10,3934.96,2026-04-05,118,4.1,No,
FASH-00229,Accessories,Ray-Ban,All-Season,L,Red,2007.47,25,1505.6,2025-10-24,20,4.7,No,
FASH-00230,Clothing,Adidas,Spring,XS,Green,2258.54,45,1242.2,2025-09-09,10,3.4,No,
FASH-00231,Footwear,Skechers,All-Season,7,Grey,2670.11,25,2002.58,2024-11-06,244,3.4,No,
FASH-00232,Clothing,Adidas,Summer,L,Red,3659.76,60,1463.9,2024-07-28,101,4.1,No,
FASH-00233,Footwear,Reebok,Winter,11,Beige,3466.38,25,2599.79,2025-06-09,225,3.2,No,
FASH-00234,Accessories,Zara,All-Season,M,Red,2782.72,30,1947.9,2024-02-16,144,4.5,No,
FASH-00235,Clothing,Nike,Autumn,XL,Brown,1897.85,15,1613.17,2024-12-03,58,4.7,No,
FASH-00236,Clothing,Adidas,Autumn,M,Green,3957.79,35,2572.56,2026-01-10,164,3.9,No,
FASH-00237,Footwear,Puma,Summer,11,Pink,4905.53,40,2943.32,2025-10-19,245,1.1,Yes,Wrong item delivered
FASH-00238,Clothing,Puma,All-Season,XS,Brown,1203.96,50,601.98,2024-08-24,17,3,No,
FASH-00239,Clothing,Uniqlo,Summer,XXL,Navy,4615.11,50,2307.55,2025-05-14,4,2.4,Yes,Size issue
FASH-00240,Clothing,Adidas,Winter,M,Black,2808.75,60,1123.5,2025-11-21,110,4.8,No,
FASH-00241,Clothing,Zara,All-Season,S,Red,3326.04,20,2660.83,2026-04-14,90,3.8,No,
FASH-00242,Clothing,Levi's,Winter,S,Red,1918.89,5,1822.95,2025-10-31,219,3.1,No,
FASH-00243,Clothing,Levi's,All-Season,XS,Black,3691.52,5,3506.94,2025-05-26,216,4.6,No,
FASH-00244,Footwear,Nike,Autumn,6,Red,2690.34,60,1076.14,2026-06-27,145,3.1,No,
FASH-00245,Clothing,Uniqlo,Autumn,XL,Black,1388.16,25,1041.12,2024-01-17,246,3.3,No,
FASH-00246,Accessories,Zara,Autumn,M,Blue,4077.52,45,2242.64,2026-05-04,217,4.8,No,
FASH-00247,Clothing,Puma,All-Season,XXL,White,2802.49,25,2101.87,2024-02-24,25,4.7,No,
FASH-00248,Clothing,Puma,All-Season,XL,Brown,4862.25,25,3646.69,2024-01-31,162,5,No,
FASH-00249,Clothing,Uniqlo,All-Season,L,Brown,1416.25,45,778.94,2025-11-07,97,2.5,Yes,Wrong item delivered
FASH-00250,Clothing,Zara,Summer,S,Brown,3730.38,50,1865.19,2024-06-06,189,3.7,No,
FASH-00251,Clothing,Uniqlo,Winter,M,White,1182.03,10,1063.83,2025-03-17,114,4,No,
FASH-00252,Clothing,Zara,Winter,XS,Navy,3230.39,25,2422.79,2026-06-03,98,2,Yes,Wrong item delivered
FASH-00253,Clothing,Nike,Autumn,S,Navy,2891.86,50,1445.93,2025-01-24,43,3.6,No,
FASH-00254,Clothing,Zara,Summer,M,Brown,1917.91,5,1822.01,2025-01-04,64,4.4,No,
FASH-00255,Clothing,Nike,Summer,XS,Blue,1939.5,30,1357.65,2024-12-06,215,4.6,No,
FASH-00256,Clothing,Uniqlo,Winter,XXL,Navy,1197.95,25,898.46,2025-09-09,242,4,No,
FASH-00257,Clothing,Levi's,Autumn,M,Grey,4857.16,15,4128.59,2024-11-29,96,4.6,No,
FASH-00258,Clothing,Nike,Summer,XL,Blue,3598.54,40,2159.12,2024-01-28,243,4.9,No,
FASH-00259,Clothing,Puma,Winter,XXL,White,4202.45,30,2941.71,2025-11-20,127,3.6,No,
FASH-00260,Clothing,H&M,All-Season,L,White,2574.89,45,1416.19,2025-05-05,149,4,No,
FASH-00261,Accessories,Casio,Winter,One Size,Beige,4999.95,40,2999.97,2025-08-31,163,3.2,No,
FASH-00262,Clothing,Adidas,Winter,XXL,Navy,793.91,50,396.96,2025-11-24,165,4.5,No,
FASH-00263,Accessories,Zara,Summer,One Size,Green,1786.41,60,714.56,2025-06-15,142,4.2,No,
FASH-00264,Clothing,Levi's,Winter,XXL,Navy,3636.92,10,3273.23,2024-12-19,6,3.6,No,
FASH-00265,Accessories,Fossil,Summer,S,Beige,2388.67,35,1552.64,2026-03-14,52,3.7,No,
FASH-00266,Clothing,Adidas,All-Season,M,White,1920.16,60,768.06,2024-04-27,5,4.3,No,
FASH-00267,Footwear,Adidas,Autumn,11,Red,5126.95,40,3076.17,2024-06-12,84,4.9,No,
FASH-00268,Clothing,Levi's,All-Season,S,Brown,2339.56,60,935.82,2025-09-20,226,4.2,No,
FASH-00269,Clothing,Adidas,Summer,M,White,3139.33,40,1883.6,2024-07-10,93,3.9,No,
FASH-00270,Clothing,Puma,All-Season,XXL,Beige,3225.67,45,1774.12,2025-02-05,150,1.9,Yes,Late delivery
FASH-00271,Footwear,Skechers,All-Season,8,Navy,5720.35,50,2860.18,2024-05-17,80,1.8,Yes,Defective item
FASH-00272,Clothing,H&M,All-Season,L,Navy,1205.62,30,843.93,2025-03-09,47,4.1,No,
FASH-00273,Accessories,Titan,All-Season,L,Green,1238.99,25,929.24,2026-05-12,115,4.7,No,
FASH-00274,Accessories,Zara,Summer,L,Pink,3685.43,35,2395.53,2025-02-22,175,4.4,No,
FASH-00275,Clothing,H&M,Summer,XS,Red,1884.2,20,1507.36,2024-08-18,137,4.6,No,
FASH-00276,Footwear,Reebok,All-Season,6,Navy,1912.65,40,1147.59,2026-04-23,93,4.5,No,
FASH-00277,Footwear,Reebok,All-Season,9,White,6886.91,50,3443.46,2026-02-08,63,5,No,
FASH-00278,Clothing,Uniqlo,Spring,XS,Grey,4406.28,5,4185.97,2026-03-05,207,4.6,No,
FASH-00279,Footwear,Puma,Spring,10,Brown,2326.85,10,2094.17,2026-03-14,52,4.6,No,
FASH-00280,Footwear,Bata,Winter,10,Blue,3588.23,60,1435.29,2024-10-26,74,4.9,No,
FASH-00281,Clothing,Adidas,Spring,S,Brown,4641.58,20,3713.26,2026-06-06,167,4.7,No,
FASH-00282,Clothing,Adidas,Winter,S,Brown,2752.62,45,1513.94,2025-10-09,68,3.8,No,
FASH-00283,Clothing,Puma,Spring,XS,Brown,2867.7,20,2294.16,2025-12-12,239,3.9,No,
FASH-00284,Clothing,Nike,Summer,XXL,White,3815.1,35,2479.82,2025-10-12,170,4.7,No,
FASH-00285,Footwear,Reebok,Summer,9,Red,4956.72,25,3717.54,2026-04-28,72,4.2,No,
FASH-00286,Footwear,Reebok,Spring,11,Black,1366.54,50,683.27,2026-03-13,214,3.2,No,
FASH-00287,Accessories,Zara,Winter,L,Red,6970.15,10,6273.14,2026-06-22,166,4.7,No,
FASH-00288,Accessories,Fossil,All-Season,M,White,2790.35,50,1395.18,2024-06-18,13,3.6,No,
FASH-00289,Footwear,Adidas,Winter,6,White,1007.69,35,655,2024-03-20,33,4,No,
FASH-00290,Clothing,Zara,All-Season,XS,Brown,3652.74,35,2374.28,2024-03-13,58,4.5,No,
FASH-00291,Clothing,Uniqlo,Winter,M,Blue,2282.97,10,2054.67,2025-10-18,173,4.1,No,
FASH-00292,Clothing,Adidas,Summer,M,Red,3362.55,10,3026.3,2025-02-25,157,4.7,No,
FASH-00293,Clothing,Zara,Summer,XS,Navy,3811.04,25,2858.28,2025-03-15,80,3.5,No,
FASH-00294,Footwear,Adidas,All-Season,10,Navy,3278.37,60,1311.35,2024-01-28,217,4.8,No,
FASH-00295,Clothing,Nike,All-Season,XXL,Brown,1899.39,0,1899.39,2026-03-13,229,3.5,No,
FASH-00296,Clothing,H&M,All-Season,XL,White,2923.46,0,2923.46,2025-01-04,239,3.8,No,
FASH-00297,Accessories,Zara,Winter,S,Grey,6693.83,5,6359.14,2024-01-18,150,1.7,Yes,Size issue
FASH-00298,Accessories,Zara,All-Season,L,Brown,5001.13,5,4751.07,2025-10-17,137,3.3,No,
FASH-00299,Clothing,Zara,All-Season,S,Blue,2959.12,30,2071.38,2025-08-23,162,4.3,No,
FASH-00300,Footwear,Puma,All-Season,11,Red,1462.25,5,1389.14,2025-03-20,29,4.2,No,
FASH-00301,Clothing,Adidas,All-Season,S,White,654.73,10,589.26,2025-12-19,2,4.9,No,
FASH-00302,Clothing,Puma,Spring,M,Blue,2235.23,60,894.09,2026-03-10,223,4.8,No,
FASH-00303,Footwear,Nike,Winter,9,Green,5189.83,20,4151.86,2025-12-30,249,3.2,No,
FASH-00304,Clothing,Uniqlo,Summer,XL,Blue,2216.83,20,1773.46,2026-03-02,26,4.3,No,
FASH-00305,Clothing,Adidas,All-Season,XS,Black,1675.03,35,1088.77,2025-01-07,98,3.4,No,
FASH-00306,Accessories,Fossil,All-Season,L,Red,2455.07,30,1718.55,2026-01-07,81,3.2,No,
FASH-00307,Clothing,Nike,All-Season,XS,Blue,1581.01,40,948.61,2024-02-17,244,4.8,No,
FASH-00308,Accessories,H&M,Winter,L,Black,2770.76,20,2216.61,2025-07-31,200,4.2,No,
FASH-00309,Clothing,Nike,Autumn,S,Pink,3945.12,15,3353.35,2024-06-03,1,3,No,
FASH-00310,Clothing,Adidas,Spring,XS,Beige,605.43,50,302.71,2025-01-20,217,3.6,No,
FASH-00311,Clothing,H&M,Winter,XS,Blue,3730.27,5,3543.76,2024-02-14,235,4.7,No,
FASH-00312,Clothing,Uniqlo,Winter,XXL,White,3154.39,40,1892.63,2024-05-16,163,3.1,No,
FASH-00313,Footwear,Reebok,All-Season,7,Red,3332.41,25,2499.31,2026-03-31,100,4.5,No,
FASH-00314,Clothing,Uniqlo,Summer,S,Blue,4030.72,45,2216.9,2024-04-21,39,2.1,Yes,Color mismatch
FASH-00315,Clothing,Nike,Winter,S,Grey,1955.55,20,1564.44,2026-05-22,30,4.6,No,
FASH-00316,Clothing,Adidas,All-Season,XS,Red,4277.07,25,3207.8,2024-05-31,23,4.9,No,
FASH-00317,Clothing,Zara,All-Season,M,Blue,735.76,30,515.03,2026-05-25,115,4.1,No,
FASH-00318,Clothing,Zara,Spring,S,White,651.61,15,553.87,2024-05-13,50,3.7,No,
FASH-00319,Footwear,Skechers,Summer,10,Green,8338.43,5,7921.51,2024-01-23,16,4.3,No,
FASH-00320,Accessories,Fossil,Autumn,M,White,585.07,35,380.3,2024-02-21,43,3.9,No,
FASH-00321,Footwear,Reebok,Summer,11,Brown,2381.46,15,2024.24,2024-07-10,70,4.8,No,
FASH-00322,Clothing,Nike,All-Season,XXL,Green,2794.12,40,1676.47,2025-05-05,15,2,Yes,Late delivery
FASH-00323,Clothing,Puma,All-Season,XXL,Pink,4096.32,30,2867.42,2026-03-11,182,4.1,No,
FASH-00324,Clothing,Nike,All-Season,L,Green,1390.19,25,1042.64,2025-09-03,56,3,Yes,Color mismatch
FASH-00325,Clothing,Levi's,All-Season,XL,Red,4884.51,5,4640.28,2024-09-10,168,4.1,No,
FASH-00326,Footwear,Skechers,Summer,7,Navy,7771.04,30,5439.73,2024-12-29,239,4.7,No,
FASH-00327,Clothing,Nike,Winter,XXL,Beige,4620.51,0,4620.51,2025-12-21,179,4.1,No,
FASH-00328,Clothing,H&M,Spring,L,Pink,1958.83,35,1273.24,2024-02-08,23,2.5,Yes,Size issue
FASH-00329,Clothing,Zara,Winter,XL,Red,4147.36,25,3110.52,2026-01-04,45,4.7,No,
FASH-00330,Clothing,Zara,Summer,XXL,Blue,4006.21,40,2403.73,2026-05-31,93,3.7,No,
FASH-00331,Accessories,Zara,All-Season,M,Green,2460.44,10,2214.4,2026-01-19,242,4.3,No,
FASH-00332,Clothing,Uniqlo,Summer,XL,Navy,4061.76,15,3452.5,2025-11-12,150,3.8,No,
FASH-00333,Footwear,Puma,Summer,11,Black,8589.3,45,4724.12,2025-02-04,217,4.9,No,
FASH-00334,Clothing,Nike,Winter,XL,Red,3413.45,5,3242.78,2025-05-23,36,3.2,No,
FASH-00335,Clothing,Uniqlo,Summer,XS,Beige,2564.17,20,2051.34,2024-08-02,63,3.7,No,
FASH-00336,Footwear,Skechers,Summer,9,Grey,6859.68,10,6173.71,2026-06-24,105,3.8,No,
FASH-00337,Clothing,Zara,Spring,XL,Red,1314.69,5,1248.96,2026-03-29,216,1.1,Yes,Color mismatch
FASH-00338,Accessories,Fossil,Winter,L,Blue,5203.3,40,3121.98,2024-04-05,86,4.2,No,
FASH-00339,Clothing,Zara,Winter,XXL,Blue,3271.2,30,2289.84,2024-06-09,13,3.4,No,
FASH-00340,Clothing,Adidas,All-Season,XXL,Pink,1766.16,20,1412.93,2024-10-31,60,3.8,No,
FASH-00341,Clothing,Levi's,Summer,M,Black,2480.47,20,1984.38,2026-04-23,169,4,No,
FASH-00342,Clothing,H&M,Summer,M,White,2682.71,5,2548.57,2024-11-11,200,4,No,
FASH-00343,Footwear,Nike,All-Season,9,Blue,3967.16,30,2777.01,2025-01-13,47,3.5,No,
FASH-00344,Clothing,H&M,Spring,XL,Black,1263.97,60,505.59,2025-11-14,24,1.9,Yes,Changed mind
FASH-00345,Clothing,Puma,All-Season,XL,Black,4298.51,40,2579.11,2025-03-04,247,4.7,No,
FASH-00346,Clothing,H&M,All-Season,XS,Brown,4571.22,60,1828.49,2024-02-05,128,4,No,
FASH-00347,Footwear,Bata,Summer,9,Blue,8591.49,10,7732.34,2024-08-04,206,3.1,No,
FASH-00348,Clothing,Adidas,Winter,XXL,Blue,4269.08,20,3415.26,2024-11-23,233,4.6,No,
FASH-00349,Clothing,Nike,Winter,M,Green,2885.63,0,2885.63,2026-03-16,179,4,No,
FASH-00350,Clothing,Levi's,Summer,XL,Navy,3162.78,5,3004.64,2024-04-18,144,4.6,No,
FASH-00351,Accessories,H&M,Spring,M,Brown,4686.08,45,2577.34,2025-09-15,121,1.7,Yes,Defective item
FASH-00352,Footwear,Skechers,All-Season,6,Brown,8115.59,25,6086.69,2025-12-08,60,2.2,Yes,Color mismatch
FASH-00353,Accessories,Fossil,Winter,M,Green,2177.32,35,1415.26,2026-05-28,178,4.9,No,
FASH-00354,Clothing,Uniqlo,Autumn,L,Beige,1784.45,30,1249.12,2025-09-11,165,3.9,No,
FASH-00355,Accessories,Zara,All-Season,M,Black,3751.31,10,3376.18,2024-03-08,79,3.8,No,
FASH-00356,Footwear,Bata,Spring,6,Blue,2541.11,15,2159.94,2026-05-07,14,3.9,No,
FASH-00357,Accessories,Casio,Summer,M,Grey,3683.35,50,1841.68,2024-05-06,174,1.9,Yes,Changed mind
FASH-00358,Clothing,Puma,All-Season,XL,Beige,2113.7,20,1690.96,2026-02-05,212,3.6,No,
FASH-00359,Clothing,H&M,Spring,S,Red,3447.47,50,1723.74,2024-07-30,68,4,No,
FASH-00360,Accessories,Casio,Summer,S,Blue,4326.65,0,4326.65,2024-08-17,64,4.9,No,
FASH-00361,Footwear,Skechers,All-Season,9,Brown,7811.69,35,5077.6,2024-09-15,55,4.4,No,
FASH-00362,Accessories,Zara,All-Season,One Size,Pink,6995.18,25,5246.39,2025-07-28,165,3.6,No,
FASH-00363,Footwear,Reebok,Summer,8,Beige,7890.93,20,6312.74,2025-11-02,182,4.3,No,
FASH-00364,Clothing,Nike,All-Season,XS,Navy,2377.03,25,1782.77,2025-11-28,35,4.3,No,
FASH-00365,Accessories,H&M,Autumn,L,Brown,5235.11,45,2879.31,2025-12-26,146,3.7,No,
FASH-00366,Footwear,Skechers,All-Season,9,Beige,5057.52,10,4551.77,2026-05-10,168,3.4,No,
FASH-00367,Clothing,H&M,All-Season,XXL,Pink,3955.84,10,3560.26,2025-11-27,230,3.2,No,
FASH-00368,Clothing,Adidas,Spring,L,Beige,2234.4,45,1228.92,2024-10-28,118,3.9,No,
FASH-00369,Accessories,Ray-Ban,All-Season,One Size,Grey,6258.15,40,3754.89,2024-05-02,222,4.1,No,
FASH-00370,Clothing,Puma,Spring,S,Red,2106.75,45,1158.71,2025-04-13,36,4.4,No,
FASH-00371,Footwear,Reebok,Winter,7,Beige,6074.99,0,6074.99,2025-04-07,70,4.5,No,
FASH-00372,Footwear,Adidas,All-Season,6,Blue,5914.84,50,2957.42,2025-03-15,103,4,No,
FASH-00373,Clothing,Nike,Summer,M,Black,4523.83,40,2714.3,2024-07-14,4,4.3,No,
FASH-00374,Clothing,Adidas,Spring,M,Blue,1050.92,40,630.55,2025-08-25,78,4.6,No,
FASH-00375,Clothing,Uniqlo,Winter,XL,Navy,2905.12,30,2033.58,2026-06-28,175,3.7,No,
FASH-00376,Accessories,H&M,All-Season,S,Brown,427.14,15,363.07,2026-01-14,33,3,No,
FASH-00377,Clothing,Zara,Winter,XXL,Black,2249.85,50,1124.93,2024-09-18,197,3.1,No,
FASH-00378,Accessories,Casio,Summer,One Size,Black,4920.32,30,3444.22,2025-03-30,97,3.5,No,
FASH-00379,Footwear,Adidas,All-Season,11,Black,3407.93,50,1703.97,2024-04-13,169,4.2,No,
FASH-00380,Footwear,Reebok,Spring,6,Pink,6749.13,5,6411.67,2024-10-16,29,4,No,
FASH-00381,Footwear,Puma,Spring,7,Beige,6626.49,20,5301.19,2024-06-13,10,4.8,No,
FASH-00382,Footwear,Reebok,Winter,6,Black,6372.07,5,6053.47,2026-05-05,146,3.3,No,
FASH-00383,Clothing,Nike,Summer,XXL,White,4580.03,50,2290.02,2024-08-24,116,3.6,No,
FASH-00384,Clothing,Zara,Spring,XS,Green,2183.94,50,1091.97,2024-11-16,109,3.2,No,
FASH-00385,Footwear,Nike,Summer,7,Blue,3628.29,35,2358.39,2025-09-28,68,3.2,No,
FASH-00386,Accessories,Titan,Summer,L,Grey,2120.28,30,1484.2,2025-12-07,217,3.8,No,
FASH-00387,Accessories,Titan,Summer,One Size,Blue,993.88,45,546.63,2025-05-09,205,3.9,No,
FASH-00388,Footwear,Puma,All-Season,11,Blue,4863.64,35,3161.37,2024-04-25,227,3.1,No,
FASH-00389,Clothing,Uniqlo,Summer,XXL,Pink,3976.13,45,2186.87,2026-01-11,144,4.9,No,
FASH-00390,Accessories,Ray-Ban,All-Season,One Size,Brown,4732.48,15,4022.61,2025-05-08,88,4.3,No,
FASH-00391,Clothing,Puma,All-Season,XL,Black,650.24,10,585.22,2025-06-01,217,4,No,
FASH-00392,Clothing,Puma,All-Season,S,Beige,4867.64,0,4867.64,2025-06-03,57,3.8,No,
FASH-00393,Accessories,Fossil,Winter,L,White,6038.15,35,3924.8,2024-11-19,30,4.5,No,
FASH-00394,Clothing,Levi's,Winter,XL,Pink,599.75,5,569.76,2026-03-21,154,4.3,No,
FASH-00395,Accessories,Ray-Ban,Summer,L,Beige,2733.39,0,2733.39,2026-04-16,57,3.7,No,
FASH-00396,Footwear,Bata,All-Season,11,Beige,6726.31,5,6389.99,2024-04-09,194,3,No,
FASH-00397,Clothing,Adidas,Autumn,M,Pink,2895.73,60,1158.29,2024-04-18,11,4,No,
FASH-00398,Accessories,Casio,All-Season,One Size,Green,4391.71,15,3732.95,2024-05-03,238,3.4,No,
FASH-00399,Accessories,Titan,All-Season,One Size,Brown,610.55,50,305.27,2026-05-07,172,4.5,No,
FASH-00400,Clothing,Adidas,All-Season,XL,Blue,4839.96,0,4839.96,2025-06-27,188,3.3,Yes,Wrong item delivered
FASH-00401,Footwear,Bata,Spring,7,Navy,2388.2,10,2149.38,2024-04-16,99,4.2,No,
FASH-00402,Clothing,Levi's,Winter,XL,Red,1802.82,25,1352.12,2024-10-28,115,3.3,No,
FASH-00403,Footwear,Skechers,All-Season,11,Pink,7884.66,60,3153.86,2026-01-24,239,3.4,No,
FASH-00404,Clothing,Adidas,Winter,M,Blue,4916.88,50,2458.44,2024-07-01,128,4.3,No,
FASH-00405,Footwear,Puma,All-Season,10,Navy,8540.39,60,3416.16,2025-03-03,172,4.7,No,
FASH-00406,Clothing,Puma,Winter,XS,Pink,1067.47,30,747.23,2024-05-28,13,3.4,No,
FASH-00407,Footwear,Adidas,Autumn,11,Green,2170.43,0,2170.43,2025-12-08,200,4.5,No,
FASH-00408,Clothing,Puma,Winter,XL,Pink,4404.3,60,1761.72,2025-10-24,143,4,No,
FASH-00409,Footwear,Skechers,Winter,11,Black,8410.88,30,5887.62,2025-03-02,244,4.4,No,
FASH-00410,Accessories,Fossil,Summer,M,Red,4456.76,35,2896.89,2026-04-29,57,4.4,No,
FASH-00411,Footwear,Bata,All-Season,10,Red,7208.17,15,6126.94,2024-10-28,114,4.4,No,
FASH-00412,Clothing,H&M,All-Season,XS,Brown,777.79,20,622.23,2025-07-23,67,4.2,No,
FASH-00413,Clothing,Uniqlo,Winter,S,Black,1275.29,25,956.47,2025-09-03,13,4.3,No,
FASH-00414,Accessories,H&M,All-Season,M,White,5552.01,25,4164.01,2025-06-22,56,4,No,
FASH-00415,Footwear,Adidas,Winter,10,Brown,1734.56,15,1474.38,2026-06-23,54,3.7,No,
FASH-00416,Clothing,Puma,All-Season,L,Pink,4223.23,50,2111.61,2024-01-10,29,3.9,No,
FASH-00417,Accessories,Ray-Ban,Autumn,S,Black,4872.09,25,3654.07,2025-01-25,234,3.2,No,
FASH-00418,Clothing,Adidas,Winter,XL,Beige,2861.96,40,1717.18,2025-04-01,124,3.2,Yes,Defective item
FASH-00419,Clothing,Zara,Autumn,S,Pink,2945.11,50,1472.56,2024-03-08,53,4.5,No,
FASH-00420,Accessories,Zara,Spring,S,Pink,5851.62,60,2340.65,2026-03-04,111,4.9,No,
FASH-00421,Footwear,Adidas,Summer,11,Beige,1302.09,5,1236.99,2024-02-25,45,4.1,No,
FASH-00422,Footwear,Adidas,Autumn,9,Brown,4608.01,30,3225.61,2025-03-19,80,2.7,Yes,Changed mind
FASH-00423,Clothing,Adidas,All-Season,XXL,Navy,799.27,5,759.31,2025-01-01,237,3.6,No,
FASH-00424,Footwear,Bata,Summer,9,Brown,4159.91,50,2079.96,2024-02-01,121,1.5,Yes,Quality issue
FASH-00425,Clothing,Puma,Spring,M,Blue,1910.45,60,764.18,2025-10-25,95,3,No,
FASH-00426,Accessories,Titan,Summer,One Size,Navy,4296.59,40,2577.95,2025-07-14,242,1.5,Yes,Quality issue
FASH-00427,Accessories,H&M,Summer,S,Blue,1531.75,45,842.46,2026-05-04,64,3.4,No,
FASH-00428,Footwear,Nike,Spring,10,Grey,6156.4,5,5848.58,2024-10-24,171,1.2,Yes,Quality issue
FASH-00429,Footwear,Puma,Winter,11,Red,1799.36,45,989.65,2024-03-12,230,4,No,
FASH-00430,Clothing,Adidas,Winter,XL,Blue,3087.43,25,2315.57,2026-04-07,80,3.3,No,
FASH-00431,Clothing,Puma,Summer,XXL,Brown,1816.39,25,1362.29,2024-05-17,173,4.8,No,
FASH-00432,Clothing,Uniqlo,Spring,L,Pink,1077.86,50,538.93,2025-09-13,20,4.7,No,
FASH-00433,Clothing,Nike,Summer,XXL,White,3799.67,0,3799.67,2026-05-19,129,4.6,No,
FASH-00434,Footwear,Bata,Summer,6,Pink,3083.93,40,1850.36,2025-04-28,167,3.7,No,
FASH-00435,Clothing,Puma,All-Season,M,Blue,2643.69,40,1586.21,2024-04-02,101,3,No,
FASH-00436,Clothing,Puma,Autumn,XXL,Blue,3930.71,10,3537.64,2025-04-01,40,4.9,No,
FASH-00437,Footwear,Adidas,All-Season,9,Beige,1322.36,35,859.53,2024-08-25,16,3.5,No,
FASH-00438,Footwear,Bata,Autumn,8,Brown,4756.39,35,3091.65,2026-06-21,11,2.6,Yes,Size issue
FASH-00439,Footwear,Bata,All-Season,8,Green,5628.05,45,3095.43,2024-06-27,96,3.7,No,
FASH-00440,Footwear,Nike,All-Season,9,Red,5129.97,25,3847.48,2026-04-16,222,4.6,No,
FASH-00441,Accessories,Fossil,All-Season,S,Grey,1408.56,5,1338.13,2025-06-10,164,3.3,No,
FASH-00442,Clothing,Nike,All-Season,XS,Red,2423.3,25,1817.48,2026-01-07,29,4,No,
FASH-00443,Clothing,H&M,All-Season,L,Black,1671.15,10,1504.04,2025-08-10,151,4.3,No,
FASH-00444,Clothing,Nike,Summer,S,Green,4657.77,40,2794.66,2025-02-19,153,4.3,No,
FASH-00445,Accessories,Casio,All-Season,M,White,1750.18,45,962.6,2025-04-27,222,3.4,No,
FASH-00446,Clothing,H&M,Spring,S,Navy,3501.45,20,2801.16,2024-06-20,185,4.8,No,
FASH-00447,Footwear,Nike,Summer,9,Blue,1867.56,15,1587.43,2025-06-19,220,4.4,No,
FASH-00448,Accessories,Ray-Ban,Summer,L,Navy,4317.75,40,2590.65,2025-05-30,192,2.2,Yes,Defective item
FASH-00449,Accessories,Ray-Ban,Spring,L,Pink,3117.58,0,3117.58,2025-12-15,135,4.9,No,
FASH-00450,Clothing,Puma,Winter,XL,Navy,1028.95,10,926.06,2024-09-17,122,4.8,No,
FASH-00451,Clothing,Nike,Spring,L,Green,1430.69,60,572.28,2026-01-31,202,2.3,Yes,Changed mind
FASH-00452,Clothing,Adidas,Summer,M,Brown,2192.99,10,1973.69,2025-03-12,166,3.5,No,
FASH-00453,Clothing,Nike,Winter,M,Brown,3920.88,30,2744.62,2025-07-19,200,3.4,No,
FASH-00454,Footwear,Reebok,Winter,8,Navy,3753.85,60,1501.54,2025-02-11,188,3.2,Yes,Size issue
FASH-00455,Footwear,Reebok,Spring,7,White,2714.67,30,1900.27,2026-03-15,86,4.2,No,
FASH-00456,Footwear,Nike,Summer,11,Black,7433.95,10,6690.56,2025-04-27,237,3.2,No,
FASH-00457,Clothing,Uniqlo,Summer,XS,Brown,4694.01,30,3285.81,2025-09-20,167,4.4,No,
FASH-00458,Footwear,Adidas,All-Season,9,Black,2612.66,50,1306.33,2026-04-03,132,3.1,No,
FASH-00459,Footwear,Bata,All-Season,10,Blue,6391.2,25,4793.4,2024-09-01,167,1.4,Yes,Color mismatch
FASH-00460,Footwear,Puma,All-Season,9,Navy,2601.48,0,2601.48,2026-01-24,180,1.2,Yes,Color mismatch
FASH-00461,Footwear,Bata,Autumn,8,Beige,8705.3,20,6964.24,2024-08-19,155,3.9,No,
FASH-00462,Clothing,Zara,Winter,L,Pink,1067.45,5,1014.08,2025-05-30,75,3.2,No,
FASH-00463,Clothing,Uniqlo,Spring,XL,Green,3653.44,30,2557.41,2025-07-30,123,4.5,No,
FASH-00464,Accessories,Zara,All-Season,One Size,Grey,1078,5,1024.1,2025-01-26,162,3.4,No,
FASH-00465,Footwear,Puma,Winter,8,Pink,5284.22,60,2113.69,2026-05-02,67,3.2,No,
FASH-00466,Footwear,Puma,Summer,7,Grey,3509.98,15,2983.48,2025-08-10,68,4.5,No,
FASH-00467,Accessories,Titan,All-Season,S,Red,5226.37,20,4181.1,2024-07-30,58,3.5,No,
FASH-00468,Footwear,Adidas,Spring,6,White,6405.5,50,3202.75,2025-05-19,157,3.1,Yes,Size issue
FASH-00469,Accessories,H&M,All-Season,L,Navy,6119.75,35,3977.84,2024-07-06,195,3.6,No,
FASH-00470,Clothing,Nike,Summer,XL,Brown,2703.61,40,1622.17,2024-02-03,128,4.7,No,
FASH-00471,Footwear,Reebok,Autumn,11,Pink,4679.56,60,1871.82,2024-01-09,3,3.8,No,
FASH-00472,Clothing,Uniqlo,All-Season,M,Blue,3012.68,15,2560.78,2024-10-02,120,3.7,No,
FASH-00473,Clothing,Levi's,Summer,XXL,Beige,2205.34,30,1543.74,2024-10-13,115,3.3,No,
FASH-00474,Footwear,Adidas,Spring,11,Green,7431.7,40,4459.02,2025-03-18,219,3.3,No,
FASH-00475,Accessories,Titan,All-Season,One Size,Blue,3123.19,10,2810.87,2026-05-19,161,4.4,No,
FASH-00476,Footwear,Puma,Winter,10,Black,4186.22,60,1674.49,2024-06-16,15,3.5,No,
FASH-00477,Accessories,Fossil,Winter,M,Green,2717.45,40,1630.47,2025-07-24,238,3.7,No,
FASH-00478,Clothing,Uniqlo,Spring,XL,Red,3137.16,50,1568.58,2025-10-26,137,4.6,No,
FASH-00479,Clothing,Adidas,All-Season,XXL,Grey,4513.38,30,3159.37,2025-09-20,73,4.9,No,
FASH-00480,Accessories,Casio,Spring,M,Brown,4528.53,45,2490.69,2025-02-18,217,3.2,No,
FASH-00481,Clothing,Uniqlo,Winter,M,Green,3262.69,30,2283.88,2024-10-04,227,4.7,No,
FASH-00482,Clothing,Nike,All-Season,L,Brown,1335.2,0,1335.2,2024-05-08,186,3.5,No,
FASH-00483,Footwear,Skechers,Summer,7,Brown,1823.07,5,1731.92,2026-06-18,121,3.1,No,
FASH-00484,Clothing,Puma,Autumn,XS,Green,3318.65,5,3152.72,2025-11-01,238,3.6,No,
FASH-00485,Clothing,Uniqlo,Winter,S,Blue,2916.67,10,2625,2024-01-30,8,4.7,No,
FASH-00486,Clothing,Levi's,Winter,XL,Green,3012.6,10,2711.34,2025-12-15,138,4.2,No,
FASH-00487,Footwear,Skechers,Spring,9,Pink,6117.29,40,3670.37,2024-11-13,232,4.1,No,
FASH-00488,Accessories,Zara,Winter,L,Green,1342.31,0,1342.31,2024-01-01,133,4.7,No,
FASH-00489,Clothing,Levi's,All-Season,XXL,Grey,4765.61,35,3097.65,2024-11-02,2,4.6,No,
FASH-00490,Footwear,Nike,All-Season,7,Brown,8056.3,30,5639.41,2025-02-08,63,4.5,No,
FASH-00491,Clothing,Levi's,Summer,XS,Brown,3350.42,40,2010.25,2026-02-21,204,4.6,No,
FASH-00492,Footwear,Puma,All-Season,10,Green,4302.23,5,4087.12,2024-07-05,34,4.3,No,
FASH-00493,Footwear,Puma,All-Season,9,Red,3564.15,10,3207.74,2024-02-20,248,3.4,No,
FASH-00494,Clothing,Uniqlo,Summer,L,Black,1623.37,10,1461.03,2024-01-16,126,3.8,No,
FASH-00495,Footwear,Reebok,Autumn,9,Black,3640.99,10,3276.89,2024-02-27,68,3.1,No,
FASH-00496,Clothing,H&M,Autumn,M,Brown,4243.31,5,4031.14,2026-02-25,182,4.5,No,
FASH-00497,Clothing,Adidas,Autumn,S,Grey,3834.42,5,3642.7,2025-06-17,170,3.9,No,
FASH-00498,Footwear,Puma,Autumn,7,Black,6956.8,40,4174.08,2025-06-17,31,4.3,No,
FASH-00499,Clothing,Zara,Spring,S,White,1637.25,30,1146.07,2024-11-28,3,3.6,No,
FASH-00500,Clothing,Puma,Summer,XS,Navy,4046.29,35,2630.09,2025-12-05,152,4.5,No,
